{"best_word2vec": {"model_path": "word2vec_models/word2vec_vs100_win7_sg0.model", "vector_size": 100, "window_size": 7, "is_skipgram": false}, "grid_search_grids": {"lightgbm_grid": {"n_estimators": [100, 200, 300, 400, 500], "learning_rate": [0.001, 0.01, 0.1, 0.2, 0.3], "max_depth": [3, 4, 5, 6, 7, 8], "num_leaves": [31, 62, 93, 124, 155, 186, 217, 248, 279, 310], "best_params": {"learning_rate": 0.1, "max_depth": 8, "n_estimators": 500, "num_leaves": 248}, "roc_auc": 0.9097654188599116, "f1": 0.7896594317981294}, "catboost_grid": {"iterations": [100, 200, 300, 400, 500], "learning_rate": [0.001, 0.01, 0.1, 0.2, 0.3], "depth": [3, 4, 5, 6, 7, 8], "l2_leaf_reg": [1, 3, 5, 7, 9], "best_params": {"depth": 8, "iterations": 500, "l2_leaf_reg": 9, "learning_rate": 0.1}, "roc_auc": 0.9080895818770095, "f1": 0.7863368254247732}, "xgboost_grid": {"n_estimators": [100, 200, 300, 400, 500], "learning_rate": [0.001, 0.01, 0.1, 0.2, 0.3], "max_depth": [3, 4, 5, 6, 7, 8], "gamma": [0, 1, 2, 3, 4, 5], "best_params": {"gamma": 1, "learning_rate": 0.1, "max_depth": 8, "n_estimators": 500}, "roc_auc": 0.9077584617708928, "f1": 0.788332745858301}, "random_forest_grid": {"n_estimators": [100, 200, 300, 400, 500], "max_depth": [3, 4, 5, 6, 7, 8], "max_features": ["sqrt", "log2"], "best_params": {"max_depth": 8, "max_features": "sqrt", "n_estimators": 500}, "roc_auc": 0.871236193125982, "f1": 0.7147958691246018}, "decision_tree_grid": {"max_depth": [3, 4, 5, 6, 7, 8], "max_features": ["sqrt", "log2"], "best_params": {"max_depth": 8, "max_features": "sqrt"}, "roc_auc": 0.8096845007718035, "f1": 0.660548757879125}}}