{"grid_search_grids": {"lightgbm_grid": {"n_estimators": [100, 200, 300, 400, 500], "learning_rate": [0.001, 0.01, 0.1, 0.2, 0.3], "max_depth": [3, 4, 5, 6, 7, 8], "num_leaves": [31, 62, 93, 124, 155, 186, 217, 248, 279, 310], "best_params": {"learning_rate": 0.1, "max_depth": 8, "n_estimators": 500, "num_leaves": 186}, "roc_auc": 0.9067220345095675, "f1": 0.7803478572709343}, "catboost_grid": {"iterations": [100, 200, 300, 400, 500], "learning_rate": [0.001, 0.01, 0.1, 0.2, 0.3], "depth": [3, 4, 5, 6, 7, 8], "l2_leaf_reg": [1, 3, 5, 7, 9], "best_params": {"depth": 8, "iterations": 500, "l2_leaf_reg": 3, "learning_rate": 0.1}, "roc_auc": 0.9070999725082254, "f1": 0.7803125561343632}, "xgboost_grid": {"n_estimators": [100, 200, 300, 400, 500], "learning_rate": [0.001, 0.01, 0.1, 0.2, 0.3], "max_depth": [3, 4, 5, 6, 7, 8], "gamma": [0, 1, 2, 3, 4, 5], "best_params": {"gamma": 0, "learning_rate": 0.1, "max_depth": 8, "n_estimators": 500}, "roc_auc": 0.9050372025789059, "f1": 0.7825459790840247}, "random_forest_grid": {"n_estimators": [100, 200, 300, 400, 500], "max_depth": [3, 4, 5, 6, 7, 8], "max_features": ["sqrt", "log2"], "best_params": {"max_depth": 8, "max_features": "log2", "n_estimators": 500}, "roc_auc": 0.8718441364183244, "f1": 0.691570115860967}, "decision_tree_grid": {"max_depth": [3, 4, 5, 6, 7, 8], "max_features": ["sqrt", "log2"], "best_params": {"max_depth": 8, "max_features": "sqrt"}, "roc_auc": 0.7969598679212375, "f1": 0.6492592592592593}}}